FID,Node,Surface_El,Elevation,Dwn_Length,Dwn_Node,X,Y
2,B7-D26,4271.3716,999,363.663789,B7-D20,1529416.67,7441072.593
3,B8-D15,4287.5596,999,333.419889,D078102,1530609.135,7441067.506
4,D066131,4316.3257,999,157.996544,B9-D5,1532024.948,7441066.165
5,B8-D24,4294.1943,999,55.621308,B8-D20,1531067.195,7441065.795
7,D090135,4262.0889,999,334.175317,D090066,1528667.114,7440661.835
8,B8-D1,4277.3354,999,390.092192,D090039,1529880.364,7441070.377
9,D066130,4327.4995,999,310.958036,B9-D13,1532543.588,7441065.178
10,B9-D1,4303.1548,999,403.313568,B8-D24,1531470.505,7441063.999
11,B10-D4,4345.9487,999,358.949267,B10-D2,1533378.919,7441058.375
12,I10-D11,4262.875,999,20.865085,I10-D10,1527843.145,7441077.849
14,B7-D9,4264.0732,999,104.363724,B7-D7,1528668.077,7441074.751
15,D090039,4272.2778,999,73.613175,B7-D26,1529490.274,7441071.437
18,B8-D20,4293.7148,999,402.442239,B8-D15,1531011.575,7441066.074
19,B9-D3,4311.5024,999,323.407798,B9-D1,1531793.909,7441065.612
20,B10-D2,4338.1953,999,318.638308,B9-D18,1533019.983,7441061.454
21,D090042,4251.2334,999,178.434714,D099098,1527029.345,7440326.622
22,D090010,4260.4668,999,177.099006,D090040,1527096.459,7440922.842
23,D090136,4261.5386,999,54.67393,D090010,1527105.087,7440976.814
24,D090040,4257.6597,999,277.759548,D090043,1527088.143,7440745.939
25,D090120,4262.2695,999,381.013308,B7-D9,1528667.283,7440693.738
26,D090043,4253.4604,999,179.642571,D090042,1527089.753,7440468.184
27,D099097,4246.7773,999,227.897014,D099046,1526541.75,7440255.637
28,D090133,4258.3062,999,290.57097,D090118,1528665.598,7440226.124
29,D135070,4229.7266,999,433.906085,D135067,1518811.848,7439638.633
30,D099046,4246.459,999,63.786056,D099045,1526313.87,7440258.427
31,D099045,4246.4307,999,306.224022,D099038,1526250.109,7440256.654
34,D109093,4228.5542,999,29.033485,D109092,1522385.746,7439499.647
35,D109101,4228.499,999,90.716692,D109093,1522476.448,7439498.033
36,D109127,4230.7476,999,395.153015,D109117,1523570.295,7439495.239
37,I10-D10,4262.5771,999,35.697948,I10-D8,1527822.286,7441078.379
39,B7-D10,4264.1289,999,14.037424,B7-D9,1528682.109,7441074.356
41,B7-D18,4265.2393,999,88.078109,B7-D12,1528825.595,7441073.844
42,B7-D20,4267.5176,999,227.412002,B7-D18,1529053.006,7441073.151
43,B9-D13,4320.7583,999,207.685988,D066131,1532232.633,7441066.55
44,B9-D5,4312.8101,999,73.044537,B9-D3,1531866.951,7441066.167
45,D090118,4256.3647,999,399.02716,D090117,1528666.447,7439935.554
46,B9-D18,4330.5854,999,157.81858,D066130,1532701.345,7441060.767
47,D066127,4372.252,999,160.556067,D066019,1534298.004,7441052.634
48,D090119,4262.8779,999,47.478013,D090136,1527114.252,7441023.248
50,D099134,4232.9761,999,80.542662,D099063,1524710.453,7439389.875
51,D090500,4252.499,999,244.933234,D090114,1528660.546,7439386.876
53,D090114,4250.4126,999,509.304477,D091034,1528659.517,7439141.945
55,D109089,4230.2666,999,255.206819,D109088,1522194.897,7439508.166
56,D122136,4227.9858,999,456.789439,D122104,1521507.004,7439502.237
57,D122115,4228.0381,999,59.17301,D122136,1521566.176,7439501.958
58,D109113,4230.6094,999,375.407835,D109106,1523030.747,7439498.94
59,D109114,4230.5078,999,54.109322,D109113,1523084.854,7439498.453
60,D099121,4231.9702,999,111.262736,D109151,1524407.135,7439492.283
61,D109092,4229.0195,999,162.013016,D109089,1522356.72,7439500.337
62,D109088,4229.9658,999,373.731004,D122115,1521939.887,7439498.127
63,D109151,4232.146,999,372.988287,D109138,1524295.908,7439495.087
64,D099118,4233.9014,999,256.730196,D099061,1525030.307,7439491.138
65,D099060,4232.7739,999,36.955781,D099056,1524644.948,7439487.746
66,D099063,4233.2974,999,18.174944,D099062,1524709.597,7439470.414
67,D100011,4230.8608,999,194.140864,D100032,1524709.172,7438258.216
70,D123049,4227.5732,999,553.088498,D123043,1520851.565,7437937.798
71,D123055,4227.6553,999,53.787428,D123052,1520851.927,7437932.748
72,D122103,4226.5957,999,65.488556,D122096,1520739.71,7439512.179
75,D122163,4225.5259,999,183.907876,D122103,1520923.541,7439506.864
76,D122104,4226.1997,999,126.691817,D122103,1521050.229,7439505.848
77,D123034,4227.4214,999,261.327136,D123029,1519778.108,7437924.095
78,D110044,4231.7856,999,296.788678,D123072,1522060.315,7437922.711
79,D123043,4228.0034,999,454.118882,D123033,1520299.171,7437918.757
80,D100070,4232.0859,999,283.097198,D100062,1525778.894,7437916.894
81,D100062,4231.3325,999,200.446088,D100227,1525495.797,7437916.645
83,D123150,4227.2422,999,98.307449,D123030,1519616.459,7437914.726
84,D123051,4228.0625,999,300.234027,D123044,1520597.151,7437914.466
85,D123039,4227.7793,999,39.570406,D123152,1520032.883,7437914.108
86,D109106,4228.5635,999,178.896561,D109101,1522655.343,7439497.25
87,D109117,4230.1621,999,90.304225,D109114,1523175.146,7439496.95
88,D109138,4231.5815,999,56.635206,D109129,1523922.922,7439496.434
90,D099056,4232.5259,999,200.90216,D099121,1524608.007,7439488.798
91,D099062,4233.3496,999,64.522611,D099060,1524709.465,7439488.588
92,D091098,4247.8379,999,108.590697,D091094,1529513.422,7437902.803
93,D079045,4269.2256,999,301.842945,D079043,1531555.328,7437895.667
94,D123500,4227.1631,999,277.745352,D136077,1519160.078,7437893.257
95,D091087,4243.353,999,30.571342,D091222,1528684.251,7437890.942
96,D067064,4285.1953,999,231.025473,D067062,1532906.373,7437882.68
97,D067038,4281.3423,999,111.53949,D067060,1532650.179,7437879.621
98,D053071,4345.0381,999,490.827001,D067058,1534951.401,7437876.693
99,D100009,4231.2207,999,190.57246,D100010,1524710.4,7438538.425
100,D136069,4227.5244,999,0,8Outfall,1518721.673,7437827.967
101,D100034,4230.4102,999,68.216166,D100030,1524708.386,7437966.348
102,D123054,4227.4194,999,63.882657,D123050,1520850.636,7437942.635
103,D136077,4228.5957,999,66.691371,D136075,1518903.546,7437786.795
104,D123063,4227.8887,999,290.319337,D123060,1521458.62,7437929.232
105,D123052,4227.7427,999,201.679854,D123051,1520798.431,7437927.159
106,D123024,4227.1274,999,83.886046,D123500,1519237.557,7437925.411
107,D123025,4227.1504,999,360.053181,D136078,1519237.234,7437920.983
108,D100093,4234.6089,999,182.606589,D100087,1526546.519,7437915.288
109,D079043,4265.2642,999,310.751602,D079038,1531253.492,7437897.747
110,D099064,4232.3379,999,374.802049,D100007,1524713.628,7439111.318
111,D091222,4243.3037,999,189.353091,D091083,1528653.727,7437889.258
112,D067062,4281.3481,999,25.187951,D067038,1532675.367,7437879.696
113,D067058,4322.9619,999,359.616666,D067055,1534460.575,7437876.199
114,D053225,4452.5044,999,223.31711,SD4588,1536183.581,7437873.223
115,D100032,4230.5083,999,97.728865,D100034,1524708.649,7438064.076
116,D041142,4621.4292,999,66.536454,D041146,1539109.695,7437429.948
117,D136075,4229.9233,999,128.802428,D136067,1518836.87,7437788.217
118,D136080,4229.7471,999,128.789229,D136068,1518837.513,7437783.6
119,D123050,4227.5181,999,194.938272,D123048,1520786.828,7437939.537
120,D123072,4230.1372,999,27.167743,D123070,1521763.544,7437925.99
121,D100007,4231.499,999,198.105638,D100009,1524710.277,7438736.531
122,D029003,4664.3564,999,168.630658,D029002,1540778.833,7437422.874
123,D123029,4227.2139,999,122.026438,D123149,1519516.781,7437923.448
124,D100039,4229.8096,999,98.235119,D100030,1524757.24,7437919.782
125,D123026,4227.1821,999,360.151811,D136079,1519239.37,7437916.187
126,D123036,4227.4302,999,160.341739,D123150,1519776.799,7437913.871
127,D123044,4227.9888,999,264.043383,D123039,1520296.922,7437912.662
129,D091095,4247.2412,999,382.494235,D091091,1529393.29,7437897.304
130,D100264,4234.0356,999,195.94801,D100083,1526282.008,7437124.557
131,D091208,4241.2681,999,287.388941,D091074,1528246.322,7437891.847
132,D091083,4242.4443,999,218.064708,D091208,1528464.386,7437891.471
133,D067060,4280.3271,999,453.301133,D079054,1532538.675,7437882.44
134,D123094,4226.6084,999,293.66914,D123180,1520002.275,7437089.141
136,D100297,4232.354,999,95.733287,D100302,1525950.946,7437079.2
137,D100305,4233.1909,999,16.942087,D100304,1526152.82,7437079.018
139,D110173,4231.1162,999,80.116108,D110219,1522239.843,7437074.49
141,D100202,4231.021,999,86.113087,D100214,1525575.526,7437057.271
142,D029002,4661.2354,999,251.120546,D029001,1540610.204,7437423.425
143,D136067,4228.2773,999,0,8Outfall,1518719.332,7437840.894
144,D136068,4227.7749,999,0,8Outfall,1518719.356,7437834.841
145,D136078,4228.6089,999,67.580302,D136080,1518905.075,7437782.027
146,D136081,4229.5713,999,122.847504,D136069,1518834.009,7437778.246
147,D136079,4228.6265,999,73.819232,D136081,1518907.781,7437775.621
148,D100133,4233.8682,999,49.161092,D100134,1526232.986,7437056.905
149,D100198,4231.2715,999,75.023413,D100202,1525650.529,7437055.538
150,D100321,4234.3896,999,6.184968,D100318,1526671.311,7437050.682
151,D091109,4236.4097,999,96.650725,D091180,1527489.436,7437045.807
152,D091196,4237.751,999,266.854968,D091109,1527756.291,7437045.634
153,D100010,4231.0278,999,89.661648,D100011,1524707.907,7438347.869
154,D123230,4230.0957,999,349.897216,D123202,1521807.038,7437106.214
155,D100304,4232.8979,999,184.931916,D100297,1526135.878,7437079.033
156,D100312,4234.5581,999,211.078189,D100309,1526557.067,7437077.752
157,D091206,4240.4531,999,129.788247,D091123,1528452.548,7437067.53
158,D123060,4227.9893,999,316.387566,D123055,1521168.301,7437929.765
159,D123070,4229.8911,999,277.774164,D123063,1521736.378,7437926.279
160,D123048,4227.957,999,245.329927,D123047,1520592.446,7437924.825
161,D123038,4227.7383,999,33.823733,D123159,1520033.604,7437924.695
162,D123149,4227.1738,999,157.205295,D123024,1519394.758,7437924.306
163,D100310,4233.2788,999,80.652793,D100133,1526313.569,7437053.554
164,D100318,4234.418,999,293.624672,D100142,1526665.126,7437050.692
165,D100320,4234.3735,999,9.560076,D100321,1526680.871,7437050.667
167,D091115,4238.6938,999,48.210108,D091196,1527804.501,7437045.769
168,D041153,4590.2344,999,170.846626,D041152,1538421.006,7437432.704
169,D110503,4229.8428,999,228.479566,D110044,1522288.793,7437921.852
170,D110047,4229.666,999,21.172373,D110503,1522309.965,7437921.773
171,D123033,4227.5425,999,607.824939,D123025,1519845.059,7437921.21
172,D110504,4229.4028,999,52.382568,D110047,1522362.343,7437921.051
173,D091091,4244.8511,999,326.688077,D091087,1529010.807,7437900.243
174,D053072,4354.6675,999,141.391017,D053071,1535092.788,7437877.791
175,D100250,4233.8887,999,20.790767,D100264,1526300.195,7437114.482
176,D091262,4238.9292,999,399.853884,D091261,1527753.347,7437089.973
177,D100306,4233.7275,999,143.685653,D100305,1526296.503,7437078.157
178,D123172,4226.6289,999,38.571202,D123098,1520746.762,7437078.156
179,D091272,4236.272,999,54.564989,D100259,1527013.344,7437077.77
180,D110121,4230.3389,999,343.846218,D123168,1521913.105,7437073.643
181,D110151,4230.6689,999,80.468297,D110167,1523534.006,7437069.243
183,D091267,4243.3721,999,287.728663,SD380,1528958.703,7437086.788
184,D100302,4231.9121,999,75.329721,D100291,1525855.213,7437079.287
185,D100309,4233.5786,999,8.59402,D100308,1526345.991,7437076.812
186,D091135,4241.6841,999,60.317867,D091131,1528664.581,7437066.365
187,D091119,4239.272,999,46.371655,D091116,1527928.772,7437056.218
188,D100323,4235.3921,999,212.645118,D100320,1526893.516,7437050.339
189,D068128,4320.5317,999,161.161822,D068102,1534151.242,7435291.981
190,D068026,4285.6357,999,358.729732,D068178,1532981.09,7435283.478
192,D054028,4347.8623,999,846.007574,D068019,1535119.545,7435300.989
193,D068029,4286.0762,999,26.016063,D068026,1533007.105,7435283.686
194,D068163,4274.1025,999,70.346578,D068164,1532528.432,7434721.711
195,D068160,4276.2935,999,82.090863,D068025,1532528.474,7435175.011
197,D068145,4271.5439,999,80.507332,D068068,1532516.044,7434192.668
198,D124502,4227.4624,999,174.736025,D124045,1520179.822,7434162.667
199,D111012,4228.8008,999,91.800066,D111007,1522590.117,7434153.892
200,D111050,4230.4097,999,33.095204,D111051,1523974.06,7434152.535
201,D124092,4227.4551,999,19.551818,D124094,1520658.95,7434151.113
202,D101125,4231.8501,999,356.064729,D101503,1525089.332,7434146.675
203,D111002,4229.3364,999,949.203012,D124500,1521689.772,7434146.554
204,D068065,4270.9126,999,135.691732,D080513,1532420.174,7434143.672
206,D101106,4230.8369,999,363.546262,D111038,1524597.541,7434141.134
207,D111008,4229.4624,999,811.501955,D111002,1522501.226,7434137.728
208,D092503,4237.478,999,40.543783,D092502,1527512.02,7434136.084
209,D101501,4234.4072,999,228.355269,D101149,1526685.641,7434135.673
210,D101502,4233.1401,999,255.764823,D101140,1526298.415,7434134.71
211,D068507,4271.3823,999,19.734748,D068505,1532444.651,7434133.245
212,D054048,4359.4653,999,146.568485,D054047,1535454.397,7435323.812
214,D068068,4271.7119,999,21.699159,D068507,1532466.267,7434131.348
215,D092107,4237.2354,999,161.689467,D092106,1527410.92,7434123.314
216,D101147,4233.3071,999,206.653896,D101143,1526270.229,7434122.802
217,D068500,4272.438,999,10.86629,D068502,1532620.144,7434117.848
218,D068030,4287.5688,999,21.711209,D068029,1533028.715,7435281.592
220,D068102,4315.543,999,160.383876,D068149,1533990.702,7435277.833
221,D068178,4278.2168,999,113.883154,D068510,1532623.075,7435260.844
222,D068085,4275.4873,999,10.967504,D068108,1532801.256,7434085.368
223,D068165,4272.5859,999,231.94659,D068145,1532531.102,7434421.964
224,D068025,4275.9014,999,27.6268,D068161,1532527.669,7435092.924
226,D080513,4269.3843,999,115.690072,D080146,1532360.873,7434265.72
228,D124059,4228.2275,999,377.127294,D124501,1521483.054,7434166.954
229,D124043,4227.4805,999,58.847247,SD4065,1519903.694,7434166.386
230,D111051,4230.4565,999,74.753713,D111037,1523940.983,7434153.625
231,D124062,4228.4185,999,30.949537,D124059,1521514.002,7434167.225
232,D124501,4228.2876,999,426.40369,D124054,1521105.931,7434165.224
233,D124063,4228.1572,999,36.887953,D124062,1521550.585,7434162.487
234,D124047,4227.3066,999,246.030957,SD4066,1520089.529,7434155.631
235,D124503,4227.3218,999,28.279804,D124047,1520117.807,7434155.337
236,D111007,4229.4805,999,142.272703,D111006,1522498.317,7434153.91
237,D111102,4230.0684,999,309.226502,D111012,1522899.343,7434153.831
238,D124500,4227.707,999,81.62947,D124092,1520740.579,7434150.752
241,D092520,4249.0332,999,44.337366,D092133,1529480.212,7434144.878
242,D101503,4231.1392,999,0,D101500,1524733.299,7434141.962
243,D101500,4231.0396,999,37.08741,D101503,1524696.214,7434141.471
245,D080076,4254.6245,999,35.412375,D080075,1530273.831,7434138.525
246,D111100,4228.8677,999,172.960085,D111008,1522674.185,7434138.415
247,D092505,4240.7964,999,27.292792,SD3700,1527942.13,7434135.501
248,D092502,4237.3374,999,56.355113,D092507,1527471.484,7434135.32
251,D068164,4273.6899,999,229.412973,D068165,1532528.87,7434651.366
252,D111031,4230.2324,999,585.272843,D111104,1523705.952,7434142.514
253,D080086,4259.7993,999,30.434824,D080147,1531091.663,7434137.831
254,D080081,4258.0752,999,687.151598,D080076,1530960.979,7434136.312
255,D092507,4237.0928,999,24.383984,D092101,1527415.139,7434134.257
256,D101253,4232.0776,999,0,D101121,1525089.447,7434133.09
257,D101109,4231.2085,999,407.962723,D111039,1524505.679,7434132.222
258,D068503,4271.9697,999,34.261561,D068068,1532500.398,7434128.354
259,D101150,4233.312,999,34.261718,D101147,1526304.488,7434123.196
260,D101122,4231.3413,999,69.971972,D101113,1524734.666,7434132.415
261,D101121,4231.7627,999,175.890441,D101122,1524910.556,7434132.359
262,D101110,4230.9351,999,91.062356,D101109,1524596.741,7434132.345
263,D101141,4232.8184,999,246.785617,D101131,1525921.37,7434122.384
264,D068501,4272.8311,999,28.233757,D068500,1532648.27,7434115.38
265,D068502,4272.4341,999,109.339726,D068503,1532609.319,7434118.798
267,D068076,4275.3677,999,121.382983,D068501,1532769.088,7434103.985
269,D111006,4230.5205,999,805.498072,D124063,1522356.05,7434155.197
270,D092126,4245.1929,999,33.624128,D092125,1528670.299,7434146.505
271,D092506,4245.2578,999,14.365212,D092126,1528684.664,7434146.477
272,D080075,4254.4912,999,56.291088,SD4899,1530238.645,7434142.522
273,D101108,4231.0864,999,68.503068,D111106,1524666.044,7434141.072
274,D068508,4270.8506,999,551.981711,SD3060,1532398.319,7434136.894
275,D068067,4270.8979,999,5.566427,D068508,1532403.885,7434136.821
276,D101127,4234.6538,999,197.792882,D101127,1525287.238,7434133.897
277,D092103,4236.1016,999,237.778712,D092092,1527081.258,7434119.237
278,D092105,4236.2129,999,32.381197,D092103,1527113.639,7434119.105
279,D123233,4227.5752,999,166.91427,D123054,1521017.546,7437941.434
281,D110255,4231.4585,999,173.785597,D110252,1524172.902,7437097.04
282,D110251,4231.7173,999,223.927694,D110246,1523855.824,7437095.717
283,D112093,4228.6694,999,0,DP1,1522636.991,7432936.725
284,D069042,4291.4502,999,47.536397,D069040,1533391.557,7432638.861
287,D125077,4228.1045,999,227.324894,D125032,1522064.949,7432380.988
288,D125030,4228.6875,999,381.584516,D125043,1521502.546,7432373.323
289,D125084,4228.1099,999,13.75553,D125077,1522065.764,7432367.257
290,D123047,4227.9053,999,313.511945,D123038,1520347.116,7437924.767
291,D079136,4253.8784,999,220.494047,SD351,1530516.454,7437080.661
292,D080147,4259.4614,999,16.049362,D079144,1531061.228,7434137.853
293,D069031,4285.5771,999,824.416966,D068108,1533344.885,7433481.361
295,D125036,4226.79,999,37.072306,D125035,1519280.18,7431997.846
296,D125500,4227.4834,999,165.288978,D125034,1519228.472,7431996.904
297,D069034,4285.71,999,83.95696,D069033,1533373.093,7433311.723
298,D112079,4228.9014,999,25.09711,D112080,1523112.884,7432938.052
299,D093002,4249.6523,999,190.869526,D093001,1528830.122,7433381.234
300,D125087,4227.2095,999,144.516738,D125044,1519896.226,7431760.464
301,D069038,4290.603,999,252.626132,D069037,1533365.147,7432771.375
302,D069040,4290.7178,999,93.900611,D069038,1533363.845,7432677.484
303,D110244,4231.1191,999,146.8889,D110271,1523471.69,7437095.203
304,D100324,4231.2495,999,124.428004,D100284,1525416.127,7437084.267
306,D100289,4231.2373,999,76.89506,D100287,1525505.538,7437082.901
307,D100331,4233.6499,999,44.2103,D100250,1526330.496,7437082.289
308,D138017,4227.0474,999,0,17Outfall,1518114.914,7431298.434
309,D125056,4228.2144,999,65.179299,D125054,1519891.106,7431270.73
310,D112039,4229.1401,999,226.741029,D125075,1521728.425,7431217.096
311,D138034,4230.3979,999,256.893574,D138032,1518482.048,7431216.275
312,D110265,4230.2695,999,97.043718,D110125,1522403.475,7437070.615
313,D110241,4230.71,999,41.867397,D110129,1523412.031,7437069.164
314,D125054,4228.4341,999,58.38955,D125055,1519891.252,7431205.551
315,D112064,4228.9756,999,42.58673,D112063,1523546.892,7431178.16
316,D093032,4261.3413,999,250.698755,D093041,1528979.915,7431176.246
317,D102091,4242.583,999,50.629958,D102009,1526275.829,7431172.756
318,D093013,4249.8071,999,125.7659,D093012,1527226.282,7431166.828
319,D125031,4227.6821,999,57.202998,D125030,1521559.749,7432373.512
320,D125032,4226.7554,999,278.27777,D125031,1521837.978,7432368.302
321,D102090,4240.2207,999,25.568831,D102158,1525858.41,7431150.926
322,D102081,4238.7158,999,174.666224,D102113,1525618.472,7431149.733
323,D069035,4288.1992,999,233.334443,D069034,1533369.49,7433078.416
324,D138002,4227.1328,999,246.560592,D138009,1518365.884,7432161.77
325,D069037,4288.7407,999,54.445411,D069035,1533368.649,7433023.977
326,D112080,4228.9219,999,36.320238,D112081,1523087.999,7432941.314
327,D125039,4226.6704,999,199.612728,D125087,1519897.388,7431960.073
329,D138081,4229.9048,999,198.04709,D138080,1518232.806,7431700.77
330,D093006,4257.1729,999,198.057731,D093005,1529604.62,7432651.203
332,D069104,4306.8345,999,7.3617,D069102,1534159.81,7432613.292
333,D069102,4306.8467,999,761.327722,D069042,1534152.45,7432613.134
334,D138001,4228.7993,999,272.513022,D138067,1518116.644,7432466.586
336,D138018,4226.9395,999,0,17Outfall,1518114.905,7431289.202
337,D138032,4232.1152,999,109.472606,SW19,1518225.154,7431216.537
338,D125055,4228.7363,999,289.567322,D125050,1519832.863,7431205.625
339,D112053,4229.0068,999,363.461763,D112046,1522796.629,7431184.52
340,D093041,4259.5693,999,98.535946,D093030,1528729.269,7431181.388
341,D093046,4256.3057,999,338.029142,D093024,1528240.476,7431179.334
342,D102009,4242.2329,999,342.037169,D102087,1526225.218,7431171.359
343,D093018,4251.5986,999,99.702838,D093016,1527482.345,7431168.986
344,D102113,4239.9648,999,179.850867,D102080,1525443.816,7431151.623
345,D138009,4228.9639,999,235.427737,D138081,1518319.707,7431919.572
346,D112055,4229.3218,999,0,DP2,1522952.525,7431131.978
347,D125101,4227.4038,999,19.108772,D125036,1519299.18,7431995.808
349,D125090,4227.5239,999,250.004823,D125036,1519549.163,7431992.542
350,D125088,4226.9385,999,302.477132,D125090,1519851.64,7431991.828
351,D125044,4227.6709,999,345.243227,D125056,1519894.582,7431615.956
353,D125046,4229.7534,999,287.073279,D125043,1521500.925,7431704.711
355,D125050,4228.9492,999,301.570561,D125049,1519543.326,7431209.849
356,SW19,4232.6748,999,60.901323,D138017,1518173.971,7431313.307
357,D093024,4253.6084,999,161.26267,D093021,1527902.449,7431180.535
358,D093016,4250.9595,999,156.371134,D093013,1527382.651,7431167.664
359,D112068,4230.5342,999,217.215385,D102501,1524081.121,7431154.511
360,D102080,4236.4648,999,131.486286,D102112,1525263.974,7431149.894
361,D093021,4253.1826,999,259.279285,D093018,1527741.215,7431183.553
362,D112062,4228.5869,999,358.86216,D112049,1523429.249,7431178.896
363,D112071,4230.3115,999,378.591366,D112064,1523925.483,7431178.479
364,D112063,4228.7964,999,75.057836,D112062,1523504.306,7431178.39
365,D102087,4240.4463,999,32.811798,D102090,1525883.183,7431172.441
366,D102096,4245.0479,999,317.958332,D102091,1526593.787,7431172.089
367,D102098,4245.4907,999,65.996321,D102096,1526659.685,7431168.487
368,D102501,4230.0371,999,137.313389,D112065,1523863.923,7431157.253
369,D102112,4235.2427,999,152.32657,D102078,1525132.5,7431148.091
370,D102158,4239.9146,999,214.549735,D102081,1525833.015,7431147.951
375,D140025,4236.0469,999,260.268169,D140007,1517818.725,7428438.619
376,D056091,4341.5767,999,36.375285,D056089,1534969.675,7428428.07
377,D140009,4236.3525,999,402.017578,D140029,1518658.973,7428414.544
378,D056094,4342.6694,999,36.812891,D056091,1534991.311,7428398.286
379,D140029,4235.5801,999,242.899179,D140008,1518257.184,7428428.116
380,D113097,4235.606,999,99.843616,D113078,1524091.742,7428231.796
381,D113065,4231.8384,999,303.970777,D113061,1523434.437,7428259.422
382,D070117,4334.5962,999,311.47106,D070101,1534508.167,7428734.676
384,D103135,4245.4688,999,344.631487,D103088,1526568.645,7428212.601
385,D070115,4334.8794,999,26.354244,D070103,1534545.036,7428617.429
388,D126126,4232.5493,999,0,DP3,1521312.736,7428194.697
389,D113077,4234.5352,999,62.70184,D113078,1524036.245,7428188.993
390,D103136,4234.9463,999,43.395709,D103137,1524481.989,7428186.992
391,D103074,4235.2207,999,150.555803,D103073,1524321.743,7428180.783
392,D113060,4234.6265,999,141.889287,D113055,1523122.333,7428237.381
393,D113061,4234.6108,999,8.987533,D113060,1523131.305,7428236.858
394,D103072,4235.9126,999,98.466282,D103076,1524661.85,7428216.057
395,D094041,4246.4995,999,369.257492,D103095,1526989.591,7428204.606
396,D070103,4334.8296,999,44.802282,D070116,1534544.196,7428643.77
397,D103076,4235.3892,999,85.765138,D103136,1524567.755,7428187.047
398,D126131,4235.3052,999,994.229421,D140009,1519649.859,7428333.086
399,D056090,4341.1509,999,157.416146,D070119,1534858.656,7428500.698
400,D056092,4340.7617,999,78.419637,D056090,1534929.766,7428467.637
401,D140007,4240.2319,999,596.208115,D139035,1517558.46,7428437.434
402,D140008,4236.6948,999,195.71172,D140025,1518014.423,7428436.316
403,D126088,4235.6318,999,347.2284,D126131,1519996.769,7428318.213
405,D057001,4343.3291,999,209.635494,D056089,1534945.775,7428248.971
406,D113079,4234.7383,999,250.319802,D113071,1523954.419,7428233.763
407,D113078,4234.9448,999,37.493679,D113079,1523991.91,7428233.332
408,D103088,4244.0376,999,784.012767,D103082,1526224.076,7428219.145
409,D113071,4232.957,999,270.657518,D113065,1523704.112,7428236.387
410,D103139,4236.022,999,181.2846,D113097,1524272.976,7428227.543
411,D103137,4235.5127,999,191.013785,D103139,1524463.987,7428226.478
412,D103082,4240.5464,999,761.46898,D103080,1525440.093,7428212.325
413,D057500,4348.563,999,380.512234,D056094,1535296.594,7428212.124
414,D103095,4245.479,999,51.763831,D103135,1526620.4,7428211.618
415,D094042,4246.3276,999,57.150092,D094041,1527046.74,7428204.333
416,D094045,4246.3091,999,16.149177,D094042,1527062.889,7428204.255
417,D057152,4344.1553,999,56.420453,D057001,1534979.884,7428204.029
420,D103073,4235.3145,999,135.061107,D113077,1524171.258,7428185.384
421,D057502,4354.7983,999,27.948906,D057501,1535510.565,7428171.819
422,D113055,4232.8047,999,0,DP4,1522996.765,7428171.311
423,SD351,4251.5645,999,34.816656,SD353,1530295.967,7437082.467
424,D100030,4230.4814,999,289.822542,SD285,1524659.006,7437919.283
425,SD352,4255.4165,999,131.866117,D079136,1530648.32,7437080.696
426,SD371,4245.9478,999,37.790011,D091145,1529442.218,7437064.328
427,D057180,4354.5874,999,204.513071,D057500,1535497.351,7428173.109
428,D055133,4336.5781,999,253.564794,D055179,1535779.509,7431614.522
429,SD161,4299.2891,999,38.783792,SD162,1532502.685,7429967.593
430,SD162,4298.4238,999,26.893662,D070041,1532483.495,7430001.297
431,SD382,4240.7544,999,299.863096,D091263,1528294.999,7437089.542
432,D053070,4484.9585,999,292.502972,D053224,1536559.127,7437871.833
433,D053067,4368.0684,999,261.266455,D053072,1535354.055,7437877.681
434,D081039,4262.5908,999,651.112733,D093006,1530181.057,7432348.437
435,D055097,4332.332,999,24.263808,D055096,1535723.954,7432019.236
436,D055110,4333.3975,999,143.954944,D055097,1535779.926,7431903.427
437,SD353,4251.48,999,79.037018,SD354,1530261.152,7437082.752
438,D070033,4297.9072,999,405.97644,SD161,1532466.386,7430022.046
439,D070041,4300.668,999,150.88896,SD161,1532576.724,7429836.118
440,SD3056,4311.5303,999,182.976224,SD215,1534552.129,7432576.551
441,SD3060,4265.96,999,19.356165,D080512,1531846.337,7434137.29
442,D111104,4229.7759,999,221.221075,D111101,1523120.683,7434140.189
446,D079152,4254.1089,999,481.221462,D079151,1531013.477,7434858.564
447,SD3075,4229.2661,999,413.366793,D111102,1523312.71,7434153.749
448,D080512,4266.022,999,9.45045,D080500,1531826.981,7434137.304
450,D079151,4255.4033,999,148.074009,SD2080,1531014.993,7435339.783
451,SD2073,4256.8242,999,154.546688,D079148,1531016.959,7436384.17
452,D079148,4257.2266,999,402.449916,D079143,1531019.102,7436538.702
454,D079131,4250.1514,999,280.240564,SD362,1530106.066,7437082.235
456,D123196,4226.3672,999,120.320754,D123223,1519519.344,7437145.767
457,D123171,4227.1616,999,157.523069,D123172,1520904.283,7437077.433
458,D123168,4228.04,999,46.020188,D123169,1521569.263,7437075.284
459,D110200,4231.1733,999,373.480464,D110126,1523029.225,7437071.28
460,D054047,4356.0513,999,46.956841,D054046,1535308.194,7435313.462
461,D080500,4266.0205,999,52.796774,D080090,1531817.534,7434137.045
463,D110129,4230.8467,999,257.476097,D110128,1523370.17,7437069.859
464,D110167,4230.9971,999,41.522216,D110241,1523453.544,7437068.263
465,D110253,4230.3877,999,169.75064,SD5202,1524172.282,7437067.214
466,D100097,4230.5181,999,70.39388,D110253,1524242.668,7437066.172
469,D100279,4231.0635,999,61.091514,D100277,1525096.665,7437090.763
470,D100215,4231.0713,999,87.202833,D100122,1525433.516,7437063.361
471,D100188,4231.7397,999,38.351886,D100330,1525910.305,7437061.256
472,D091182,4235.4404,999,121.023175,D100323,1527014.539,7437050.119
473,D091123,4240.0542,999,49.279594,D091126,1528322.765,7437068.664
474,SD380,4241.9624,999,110.403301,D091266,1528670.975,7437086.902
475,D091136,4242.5054,999,181.889736,D091135,1528846.471,7437066.634
476,SD376,4243.791,999,65.205769,D091267,1529023.906,7437086.154
477,D079154,4257.5449,999,88.434446,SD2085,1531011.314,7434346.345
478,SD2080,4255.313,999,243.210654,D079150,1531014.907,7435487.857
479,D079149,4256.3931,999,249.935904,SD2073,1531014.751,7436134.244
480,D079135,4258.4658,999,267.220759,SD352,1530915.534,7437078.77
481,D079064,4247.498,999,327.191115,SD367,1529828.647,7437063.156
482,D123194,4226.2837,999,43.511384,D123195,1519270.463,7437147.642
483,D123210,4226.5142,999,54.835378,SD4616,1519657.877,7437143.749
484,D123197,4226.5088,999,197.27866,D123210,1519855.15,7437142.267
485,D123212,4226.8794,999,120.225735,D123206,1519979.731,7437116.711
486,D123095,4227.2905,999,77.691803,D123094,1520079.511,7437080.735
487,D123098,4227.4399,999,215.368469,D123173,1520708.191,7437078.034
489,D123170,4228.5708,999,379.868986,D123171,1521284.15,7437076.247
491,D110221,4230.6191,999,140.815209,D123231,1522284.451,7437096.539
492,D110125,4230.7656,999,66.644361,D110219,1522306.456,7437072.833
493,D110223,4230.3042,999,31.2856,D110221,1522315.736,7437096.688
494,D079155,4258.8521,999,174.696818,D079154,1531012.012,7434171.65
495,D079150,4255.9683,999,338.025823,SD2077,1531013.704,7435731.065
496,D110230,4230.8496,999,119.255705,D110228,1522559.405,7437096.158
497,D110233,4231.2979,999,100.288247,D110231,1522739.416,7437095.274
498,D110272,4231.8755,999,272.517643,D110233,1523011.934,7437095.198
499,D110132,4231.1021,999,246.659092,D110151,1523780.638,7437069.02
500,D110133,4231.0698,999,45.651499,D110132,1523826.274,7437067.835
501,D100267,4231.6641,999,224.195584,D110255,1524397.097,7437097.049
502,D100098,4230.9346,999,29.88288,D100097,1524272.551,7437066.175
503,D100335,4230.668,999,135.031445,D100274,1524757.168,7437096.15
505,SD2077,4256.1543,999,65.155125,D079149,1531014.834,7436069.088
506,SD354,4250.8979,999,76.060368,D079131,1530182.117,7437083.399
507,SD355,4248.5679,999,130.39491,D079064,1529959.041,7437062.7
509,SD370,4246.1563,999,109.406,D091268,1529467.25,7437084.714
510,D123223,4226.0161,999,128.571021,D123194,1519399.023,7437146.008
511,D123206,4226.4541,999,7.006307,D123197,1519862.136,7437141.723
513,D123227,4227.5229,999,21.647508,D123200,1520680.129,7437110.616
514,D123226,4227.3809,999,73.320492,D123227,1520753.426,7437108.736
515,D100122,4231.0708,999,191.23243,D100281,1525346.313,7437063.416
516,D091232,4235.7788,999,14.467262,D091182,1527029.003,7437049.812
517,D091261,4237.4888,999,340.259454,D091272,1527353.52,7437085.288
518,D091180,4235.9131,999,236.423951,D091181,1527392.801,7437047.557
519,D091122,4239.5854,999,155.364097,D091121,1528137.371,7437068.803
520,D091126,4240.4399,999,136.114693,D091122,1528273.486,7437068.766
521,D091131,4241.4204,999,151.728152,D091206,1528604.277,7437067.615
522,SD2085,4256.9224,999,103.556305,D079153,1531011.095,7434434.779
524,D079143,4258.9736,999,137.757512,D079133,1531018.196,7436941.15
525,D079071,4249.7739,999,124.77606,SD355,1530083.815,7437061.964
526,SD362,4247.9082,999,70.531768,D079130,1529825.826,7437082.729
528,D110228,4230.498,999,124.415526,D110223,1522440.149,7437095.967
529,D110128,4231.5513,999,83.481322,D110200,1523112.694,7437069.834
530,D110238,4232.0825,999,104.203226,D110272,1523116.135,7437095.846
533,D100274,4230.8711,999,209.033471,D100329,1524622.137,7437095.95
534,SD367,4245.7881,999,59.239287,SD371,1529501.457,7437064.004
536,D123173,4227.5225,999,413.322715,D123095,1520492.822,7437077.689
539,D123169,4228.4688,999,239.094324,D123170,1521523.243,7437075.376
540,D110206,4232.1162,999,231.389284,D110121,1522144.491,7437072.338
541,D110219,4231.7051,999,15.269462,D110206,1522159.76,7437072.202
544,D100329,4231.6323,999,16.009909,D100267,1524413.106,7437096.815
545,SD3806,4254.2207,999,41.687999,D079025,1530194.375,7437902.919
548,D100291,4231.6885,999,274.418829,D100289,1525779.957,7437082.623
549,D100330,4231.8032,999,33.903731,D100298,1525871.953,7437061.223
550,D100259,4236.2676,999,401.744208,D100312,1526958.807,7437079.527
551,SD388,4239.5825,999,160.119804,D091262,1527913.458,7437091.643
552,D091263,4239.6802,999,81.686232,SD388,1527995.138,7437090.665
553,D091121,4239.1753,999,54.768371,D091119,1527982.007,7437069.086
554,D091266,4241.5156,999,265.583305,SD382,1528560.579,7437088.223
555,D091141,4243.353,999,176.764373,D091136,1529023.234,7437065.908
556,D100284,4231.2583,999,195.103634,D100279,1525291.743,7437087.547
557,D100135,4232.4595,999,223.62011,D100188,1526133.925,7437061.335
558,D100134,4233.4209,999,50.051329,D100135,1526183.973,7437060.715
559,D091181,4235.6279,999,127.40316,D091232,1527156.401,7437050.914
560,D091145,4245.4473,999,381.21141,D091141,1529404.445,7437065.451
562,D092131,4248.5366,999,690.066714,D092126,1529374.73,7434145.135
565,D081041,4277.0371,999,640.744241,SD3730,1531191.419,7431171.231
568,SD3700,4265.9893,999,160.586338,D092115,1527914.85,7434136.34
570,D080090,4265.4473,999,673.075886,D080086,1531764.738,7434137.348
572,D093012,4248.7739,999,123.111633,D093008,1527100.516,7431167.087
575,SD4066,4226.5747,999,0,13Outfall,1519701.146,7434149.265
576,D124054,4227.3833,999,499.70981,D124502,1520679.531,7434163.274
577,D093008,4248.0142,999,317.779625,D102098,1526977.437,7431164.283
578,D124045,4227.4028,999,101.417976,D124043,1520005.106,7434165.318
581,SD4899,4254.0791,999,702.145342,D092520,1530182.354,7434142.697
582,D112025,4230.6128,999,219.305685,D125084,1522285.065,7432365.803
583,D112070,4230.6958,999,219.707393,D125077,1522284.656,7432381.005
584,D057023,4354.7085,999,5.910072,D057500,1535504.73,7428172.759
586,SD4065,4227.4092,999,0,13Outfall,1519700.521,7434163.397
587,SD2287,4229.5557,999,535.079734,SD2288,1522297.325,7432916.11
588,D041022,4646.1431,999,303.119851,D041137,1540085.079,7437424.856
589,D029001,4654.9331,999,274.005695,D041022,1540359.083,7437423.883
590,D138008,4226.1821,999,336.963488,D138003,1518704.232,7432002.46
591,D041146,4620.0908,999,310.089085,D041150,1539043.16,7437430.318
592,D041141,4631.6343,999,218.64421,D041143,1539558.844,7437427.933
593,SD4901,4599.4092,999,128.538741,D041153,1538549.544,7437432.302
594,D125041,4227.9272,999,460.348762,D125089,1520358.739,7431998.558
595,D125043,4229.6021,999,63.26787,D125042,1521497.858,7431991.768
596,D125042,4228.1563,999,689.185079,SD3134,1521434.62,7431989.812
598,D125034,4229.3105,999,359.011946,D138008,1519063.186,7431995.981
599,SD4588,4424.7764,999,56.857617,SD4587,1535960.264,7437872.995
600,D041124,4636.0879,999,23.750662,D041140,1539740.092,7437426.342
601,D053224,4459.0903,999,83.048062,D053225,1536266.628,7437873.368
602,D053249,4386.1421,999,196.141713,D053067,1535655.847,7437873.534
603,D053074,4371.9951,999,105.682428,D053067,1535459.716,7437875.601
604,D041156,4555.2974,999,309.109395,D041155,1537977.452,7437616.231
605,D041143,4626.6899,999,230.510637,D041142,1539340.2,7437428.259
606,SD4618,4226.0112,999,72.264684,D123196,1519591.601,7437144.714
607,SD4587,4413.7207,999,73.285717,D053069,1535903.406,7437872.951
608,D041152,4575.5801,999,328.321699,D041156,1538250.161,7437433.406
609,D041150,4610.0518,999,183.533027,SD4901,1538733.071,7437430.804
610,SD4617,4225.9019,999,6.682308,SD4618,1519598.283,7437144.617
611,D123180,4225.7017,999,0,D123203,1519710.743,7437124.489
612,D053056,4498.478,999,300.163978,D053070,1536859.288,7437870.391
613,D053115,4511.9561,999,297.519217,D053056,1537156.806,7437869.568
614,D041008,4518.4453,999,153.59244,D053115,1537310.396,7437868.752
615,D041140,4635.4951,999,157.522751,D041141,1539716.366,7437427.422
616,D041137,4636.9795,999,41.884283,D041124,1539781.968,7437427.15
617,D081032,4276.9141,999,40.48124,D081031,1531193.757,7431130.075
618,D123203,4222.4956,999,7.672852,9Outfall,1519712.161,7437116.949
619,SD5202,4232.0107,999,150.695161,SD3068,1524002.534,7437068.166
621,SD4616,4226.0781,999,4.765693,SD4617,1519603.048,7437144.548
623,D090066,4259.5078,999,101.554548,D090133,1528664.36,7440327.671
624,D099038,4244.5093,999,410.178458,D099036,1525944.08,7440245.728
625,D101143,4233.1206,999,142.209833,D101141,1526063.576,7434123.435
626,D092095,4235.3174,999,256.802416,D101501,1526942.443,7434135.912
627,D092112,4237.6021,999,99.332644,D092107,1527510.171,7434127.323
629,D101149,4233.5898,999,158.902306,D101502,1526457.293,7434137.507
630,D101151,4233.8462,999,150.078658,D101150,1526454.566,7434123.801
631,D092113,4238.9219,999,229.980449,D092101,1527741.966,7434140.102
632,D092115,4239.1045,999,12.529279,D092113,1527754.361,7434141.932
633,D101132,4234.124,999,584.702001,D101125,1525674,7434140.337
634,D101131,4234.2856,999,387.451008,D101127,1525674.621,7434126.654
635,SD3068,4231.186,999,25.565248,D044005,1523851.839,7437067.892
636,D099098,4249.2905,999,71.194365,D099133,1526866.31,7440254.106
637,D099133,4248.5684,999,253.369311,D099097,1526795.116,7440254.296
638,D091034,4246.1831,999,329.258171,D091223,1528657.703,7438632.643
639,D091094,4247.2388,999,12.945967,D091095,1529404.832,7437903.169
640,D079033,4258.4521,999,365.520914,SD3806,1530559.884,7437899.92
641,D067044,4289.2603,999,252.266643,D067064,1533158.639,7437882.407
642,D099070,4238.71,999,268.623865,D099074,1525504.425,7439843.273
643,D092504,4235.9287,999,163.839295,D092085,1527106.274,7434134.293
644,D092106,4236.6724,999,135.620982,D092105,1527249.249,7434120.881
645,D092101,4236.9307,999,284.488928,D092504,1527390.762,7434133.646
646,D101140,4232.9702,999,368.677876,D101132,1526042.655,7434136.217
647,D092092,4235.2686,999,388.930896,D101151,1526843.489,7434121.304
648,D091223,4244.5889,999,414.139874,D091222,1528655.019,7438303.396
649,D079038,4262.1943,999,382.865974,D079033,1530942.75,7437900.122
650,D067076,4300.7681,999,324.824643,D067072,1533757.257,7437882.413
652,D090117,4253.5308,999,149.685737,D090500,1528661.417,7439536.559
653,D079023,4249.5654,999,343.940558,D091098,1529857.351,7437905.643
654,D092500,4241.2847,999,322.119437,D092501,1527879.813,7433761.124
655,D092501,4241.0151,999,131.472879,D092117,1527867.696,7434082.95
657,D067072,4292.9683,999,273.795325,D067044,1533432.434,7437881.571
658,D067055,4309.0396,999,343.728362,D067076,1534100.973,7437879.539
659,D100298,4231.729,999,187.609014,D100198,1525838.069,7437060.087
660,D112056,4228.9595,999,30.504021,D112055,1522963.627,7431160.39
665,SD163,4356.8618,999,134.731728,D057172,1535787.421,7428019.972
666,D057172,4355.7031,999,10.741445,D057003,1535712.563,7428136.15
667,D093043,4245.3218,999,429.053846,D092019,1528234.056,7433496.631
669,D112078,4228.0889,999,24.611479,D112062,1523438.372,7431156.038
672,D055245,4318.0928,999,10.916487,SD5618,1534954.089,7432319.932
674,SD3057,4312.082,999,36.497892,SD3056,1534586.432,7432564.922
675,D093035,4263.9136,999,361.921955,D093032,1529341.834,7431174.778
676,D093030,4258.8945,999,353.760475,D093027,1528630.798,7431177.809
677,SD3058,4318.1011,999,2.497911,SD3057,1534939.741,7432322.626
678,D093027,4256.3984,999,36.608348,D093046,1528277.051,7431180.903
679,D099074,4236.833,999,121.134296,D099071,1525496.267,7439574.773
680,D099071,4236.6279,999,401.634647,D099118,1525431.94,7439491.966
681,SD5542,4314.6055,999,50.72792,SD3057,1534627.467,7432535.098
682,D125035,4227.0869,999,14.645564,D125034,1519243.117,7431997
683,D041154,4544.209,999,431.893942,D041008,1537739.741,7437821.892
684,D041155,4544.5342,999,6.157214,D041154,1537745.82,7437820.913
685,D123152,4227.5566,999,216.522405,D123036,1519993.32,7437913.329
686,SD5618,4232.7222,999,3.682547,SD3058,1534943.36,7432321.947
687,SD5617,4233.5176,999,397.500327,SD5542,1534937.285,7432323.087
688,D123159,4227.4624,999,31.710342,SD2269,1519999.783,7437924.28
689,SD2269,4227.5122,999,66.734845,D123151,1519968.073,7437924.372
690,D123151,4227.6885,999,123.236889,D123034,1519901.341,7437925.038
692,D069103,4307.4028,999,43.200545,D069104,1534192.424,7432584.962
693,D111040,4230.6719,999,167.141221,D111031,1523873.043,7434138.425
694,D111037,4230.5698,999,564.253196,SD3075,1523876.963,7434153.638
695,D091074,4239.9536,999,197.77838,D091064,1527958.935,7437892.865
696,D100051,4230.6465,999,163.261175,D100042,1525040.522,7437905.306
697,D100242,4230.5762,999,74.061318,D100051,1525114.583,7437905.278
698,D100035,4230.1235,999,118.138703,D100031,1524759.748,7437906.791
699,D100031,4230.2305,999,158.931279,SD235,1524641.61,7437907.072
700,D110098,4230.1401,999,345.60722,D110215,1523802.37,7437912.888
701,D110506,4229.2305,999,129.048826,D110065,1522735.858,7437913.798
702,D123058,4227.8911,999,150.472794,D123233,1521168.018,7437941.86
703,D123162,4227.7529,999,87.275026,D123058,1521255.292,7437942.164
704,D123062,4227.4956,999,210.124726,D123162,1521465.416,7437941.38
705,D110509,4228.7764,999,47.496818,D110068,1523180.188,7437933.984
706,D110085,4229.2612,999,25.462504,D110268,1523478.554,7437932.531
707,D110096,4229.5811,999,339.471375,D110085,1523818.005,7437928.754
708,D091045,4235.9053,999,228.985939,D100095,1527018.513,7437913.808
709,D091042,4235.9146,999,363.334131,D100094,1526913.515,7437901.482
710,D079054,4275.8057,999,224.124766,D079052,1532085.397,7437886.999
711,D100065,4231.2529,999,92.076523,D100059,1525518.288,7437902.995
712,D100052,4230.4224,999,231.152738,D100040,1525111.742,7437918.298
713,D100040,4230.127,999,123.35373,D100039,1524880.593,7437919.602
714,D110117,4230.166,999,213.249901,D110109,1524194.267,7437921.808
715,SD238,4230.0078,999,50.239663,SD237,1523969.94,7437911.358
716,D110110,4230.0566,999,8.739787,SD238,1523978.672,7437910.993
717,D110097,4229.8711,999,2947.587543,D123049,1523799.092,7437918.853
718,D110112,4230.1055,999,44.330608,D110096,1523862.204,7437925.34
719,D110508,4229.3188,999,118.744086,D110200,1523023.792,7437913.264
720,D110065,4229.1621,999,244.537634,D110504,1522606.825,7437915.838
721,D110043,4231.4199,999,295.241096,D123071,1522058.869,7437939.507
722,D110059,4228.7769,999,249.765368,D110040,1522606.421,7437935.18
723,D110068,4229.2856,999,107.204294,D110507,1523132.691,7437934.088
724,D100059,4231.1045,999,311.635131,D100242,1525426.214,7437903.745
725,D110118,4230.457,999,66.912783,SD1577,1524198.353,7437909.086
726,SD1577,4230.2534,999,119.247567,D110510,1524131.44,7437909.041
727,D110510,4230.1172,999,33.551326,D110110,1524012.219,7437911.547
728,D110109,4229.8066,999,118.837808,D110112,1523981.022,7437923.187
729,D110215,4229.8877,999,228.782353,D110080,1523456.767,7437911.303
730,D110080,4229.4854,999,47.323043,D123049,1523227.985,7437911.902
731,D110500,4229.3789,999,156.876945,D110110,1523180.668,7437912.659
732,D110505,4228.5825,999,87.989682,D110059,1522694.411,7437934.903
733,D110071,4228.75,999,161.877014,D110505,1522856.286,7437935.613
734,D110268,4229.2666,999,272.907855,D110509,1523453.093,7437932.784
735,D100087,4233.8818,999,54.728858,D100077,1526363.931,7437917.9
736,D100227,4230.5459,999,183.618008,D100052,1525295.351,7437916.412
737,D100073,4232.75,999,71.254919,D100072,1525900.657,7437899.97
738,D091064,4239.0156,999,847.73723,D091042,1527761.248,7437898.884
739,D100095,4235.3652,999,243.013771,D100093,1526789.527,7437913.613
740,D100042,4230.377,999,117.516846,D100035,1524877.261,7437905.804
741,SD235,4231.0386,999,284.335235,D110118,1524482.688,7437908.814
742,SD285,4230.4507,999,174.930252,D110117,1524369.197,7437922.148
743,SD237,4230.0259,999,117.337792,D110080,1523919.701,7437911.62
744,D110111,4229.9141,999,181.656724,D110097,1523980.748,7437919.342
745,D110072,4229.1777,999,169.191996,D110506,1522905.048,7437913.192
746,D123071,4229.5249,999,298.216264,D123062,1521763.631,7437940.937
747,D110040,4229.1265,999,297.806596,D110043,1522356.672,7437937.994
748,D110507,4228.7256,999,169.205165,D110071,1523025.489,7437934.698
750,D100094,4234.7837,999,2569.494535,D110111,1526550.188,7437903.842
754,D112004,4229.5015,999,382.854732,D112093,1523019.831,7432940.047
759,D112057,4237.2256,999,284.001505,D112056,1523247.627,7431161.39
760,D112049,4229.147,999,130.41743,D112051,1523070.4,7431181.967
761,D113047,4230.3979,999,30.16013,D113046,1522053.792,7428136.515
762,D113046,4232.6665,999,98.256224,D126045,1522024.08,7428141.698
763,D126045,4233.9634,999,615.077049,D126126,1521925.983,7428147.278
764,D056031,4363.6855,999,252.58314,D056018,1535984.33,7430443.384
765,D112081,4229.3223,999,31.859871,D112004,1523051.687,7432940.568
766,SD2288,4230.292,999,11.731997,D112070,1522296.388,7432381.031
768,D112060,4228.4756,999,126.01929,D112057,1523373.62,7431163.941
769,D125047,4229.1299,999,107.420174,D125046,1521501.59,7431597.293
770,D112065,4229.4507,999,353.034799,D112060,1523726.62,7431158.98
771,D055076,4318.917,999,30.585348,D055245,1534984.149,7432314.288
772,D055077,4324.7651,999,317.62426,SD5540,1535305.614,7432302.213
774,D113050,4233.4902,999,183.066263,D113047,1522236.852,7428135.06
778,D068022,4274.7886,999,282.932477,D068147,1532486.055,7435146.542
780,D100214,4231.269,999,56.065896,D100215,1525489.576,7437062.577
782,D055096,4333.0078,999,98.345092,D055095,1535700.377,7432023.868
783,D068510,4276.4067,999,8.229433,D068023,1532528.614,7435197.233
784,SD6229,4275.6206,999,12.56768,D068022,1532495.148,7435155.217
785,D112042,4230.4561,999,343.397689,D112039,1522071.76,7431223.662
786,D112046,4230.2627,999,51.773859,D112045,1522433.169,7431185.779
787,D112045,4229.9097,999,99.650644,D112043,1522394.272,7431219.948
788,D112043,4231.6641,999,223.001369,D112042,1522294.757,7431225.138
789,D029005,4667.9678,999,40.822666,D029004,1540850.105,7437457.311
790,D112051,4229.2637,999,143.366006,D112053,1522939.989,7431183.208
791,D029004,4665.3823,999,38.557695,D029003,1540812.149,7437442.285
792,D081038,4262.6538,999,35.117291,D081004,1530220.853,7432343.712
793,D055135,4337.2578,999,31.950236,D055133,1535779.861,7431582.574
794,D124094,4227.2246,999,64.573409,D124052,1520639.512,7434149.007
795,D124052,4227.4087,999,457.17005,D124503,1520574.942,7434149.684
804,D100081,4233.7412,999,269.765182,D100073,1526170.42,7437901.037
806,D100083,4234.1455,999,530.925803,SD3239,1526283.491,7437320.499
812,D102074,4233.3208,999,53.120314,SD7650,1524711.976,7431152.418
815,D100077,4234.0483,999,108.864552,D100080,1526309.234,7437916.032
822,D109129,4231.5767,999,295.993506,D109127,1523866.287,7439496.242
823,D100281,4230.9351,999,64.588193,D100116,1525155.082,7437062.816
825,D100116,4230.6025,999,53.542848,D100115,1525090.496,7437062.252
826,D125049,4228.1704,999,264.401599,D138040,1519241.755,7431209.833
827,D138037,4229.5542,999,269.748164,D138034,1518751.747,7431211.129
828,D139035,4227.0552,999,0,21Outfall,1517409.848,7429014.824
829,D102068,4233.4609,999,555.205265,D112068,1524636.326,7431154.911
830,SD7650,4233.3184,999,22.572537,D102068,1524658.892,7431154.364
831,D102078,4234.4712,999,268.222456,D102074,1524980.175,7431148.864
835,D138040,4228.9116,999,225.608723,D138037,1518977.355,7431210.442
836,D079021,4248.1797,999,220.222232,D091095,1529613.497,7437894.68
837,D067054,4309.0444,999,346.948701,D067051,1534111.62,7437889.939
838,D079046,4269.3521,999,284.247807,D079044,1531560.016,7437885.925
839,D079044,4265.6533,999,221.436431,D079042,1531275.792,7437889.643
840,D079048,4271.5615,999,187.87533,D079046,1531747.891,7437885.899
841,D067047,4291.5615,999,353.839856,D067178,1533356.478,7437891.739
842,D067070,4292.6543,999,65.487311,D067047,1533421.965,7437891.381
843,D079042,4263.1226,999,97.453459,D079039,1531054.356,7437889.16
844,D079022,4249.501,999,229.54106,D079021,1529843.038,7437894.98
845,D079034,4257.7241,999,243.880393,D079027,1530483.563,7437892.275
846,D079027,4255.1201,999,55.051321,D079026,1530239.684,7437893.125
848,D067163,4280.2134,999,346.87593,D079055,1532542.658,7437894.87
849,SD5353,4281.3335,999,107.551977,D067163,1532650.21,7437894.646
850,D079035,4260.5313,999,244.664999,D079034,1530728.225,7437891.12
851,D079039,4262.4585,999,228.688975,D079035,1530956.914,7437890.6
852,D067051,4300.7085,999,342.716723,D067070,1533764.68,7437892.336
853,D067042,4285.4956,999,285.301941,SD5353,1532935.511,7437894.017
854,D079049,4272.3379,999,80.366203,D079048,1531828.257,7437886.218
855,D067178,4286.6709,999,67.133459,D067042,1533002.643,7437893.49
856,D079055,4276.7222,999,333.865138,D079051,1532195.783,7437894.736
859,D091082,4241.7417,999,240.308225,D091080,1528366.87,7437908.754
860,D091080,4240.5161,999,228.595015,D091071,1528126.562,7437908.739
861,D091071,4239.4209,999,88.847317,D091235,1527897.968,7437907.953
862,D091086,4242.9272,999,233.123748,D091082,1528599.991,7437907.575
863,D091052,4237.1729,999,249.081205,D091045,1527267.589,7437912.316
864,D091063,4237.9731,999,240.780709,D091052,1527508.368,7437911.345
865,D091062,4238.8452,999,253.943892,D091063,1527762.309,7437910.186
866,D091235,4238.9893,999,46.834653,D091062,1527809.144,7437909.975
54,D122063,4226.0947,4215.8947,125.218186,D135074,1519148.893,7439513.885
580,D135074,4226.1792,4215.9792,4.379986,SD4898,1519023.68,7439512.71
579,SD4898,4226.2012,4216.0012,5.325052,D135073,1519019.53,7439514.112
585,D135073,4226.4429,4216.4029,35.532635,D135110,1519014.485,7439515.815
69,D135067,4226.7734,4216.567,38.559822,D135066,1518377.949,7439641.199
354,D138080,4229.187,4216.847,195.044872,SW19,1518218.26,7431503.257
82,D123030,4227.1733,4217.665,278.785059,D123026,1519518.153,7437915.251
73,D122069,4227.75,4217.75,354.322813,D122063,1519503.207,7439511.495
49,D135108,4227.8779,4218.0079,65.132254,D135070,1518867.103,7439604.149
348,D125089,4226.7427,4218.092,46.854308,D125088,1519898.406,7431994.694
32,D135110,4228.2607,4218.2207,136.32003,D135108,1518983.405,7439533.038
74,D122074,4226.2344,4218.3844,356.709695,D122069,1519859.889,7439507.029
68,D135066,4225.2871,4218.6471,0,6Outfall,1518339.419,7439642.714
455,D123195,4224.5239,4218.7,0,9Outfall,1519226.966,7437148.762
33,D122089,4226.3599,4218.8399,398.21747,D122074,1520258.085,7439502.915
52,D122096,4226.0356,4219.1856,416.257186,D122089,1520674.298,7439509.016
597,D138003,4227.1323,4219.297,428.818527,D138001,1518427.218,7432170.902
331,D138067,4231.3169,4219.566,316.161057,D138058,1517912.54,7432647.154
512,D123198,4226.8237,4220.9237,41.360505,D123212,1520020.913,7437112.88
462,SD3135,4227.2007,4221,234.477224,D125041,1520593.215,7431997.81
535,D123199,4227.2197,4221.0197,337.156025,D123198,1520358.057,7437109.951
537,D123200,4227.5786,4221.3786,300.50746,D123199,1520658.562,7437108.757
538,D123202,4227.9028,4221.4028,401.264341,D123201,1521457.233,7437098.183
488,D123201,4227.9824,4221.5824,302.63722,D123226,1521055.986,7437101.889
244,D111101,4230.2109,4221.589,225.280754,D111100,1522899.464,7434139.31
449,SD3134,4225.8667,4221.759766,152.275076,SD3135,1520745.489,7431998.404
532,D110252,4231.9824,4222,143.341703,D110251,1523999.127,7437099.018
800,SD7019,4227.4,4222.200195,8.411728,SD6996,1521488.763,7430584.924
809,SD6995,4230.4,4222.200195,181.295169,SD6994,1521488.514,7430632.542
140,D110126,4231.0068,4222.35,252.352068,D110265,1522655.771,7437070.093
250,D101113,4231.1709,4222.3709,67.952191,D101110,1524664.694,7434132.437
490,D123231,4231.792,4222.492,69.233606,D123232,1522143.636,7437096.22
810,SD6996,4230.2,4222.5,39.210119,SD6995,1521488.928,7430593.335
542,D110231,4230.9043,4222.6043,79.725322,D110221,1522639.13,7437095.953
801,SD7018,4222.7,4222.700195,238.350695,SD6996,1521487.565,7430320.552
280,D123232,4232.0737,4222.7737,267.521111,D123230,1522074.411,7437097.315
808,SD6994,4230.5,4222.799805,159.602699,SD7022,1521488.667,7430813.838
802,D125075,4230.3667,4222.899902,376.979986,D125047,1521501.707,7431220.313
749,D100072,4232.4883,4222.967,311.12644,D100065,1525829.403,7437900.419
798,SD7016,4222.9,4223,322.093302,SD7018,1521482.608,7429998.496
813,SD6992,4229.7,4223,53.610341,D125075,1521498.197,7431166.818
797,SD7015,4228.2,4223.100098,48.830065,SD7016,1521482.504,7429949.667
531,D110246,4231.1421,4223.1921,160.227939,D110244,1523631.903,7437097.429
811,SD7022,4231.2,4223.200195,165.567756,SD6993,1521490.955,7430973.424
543,D110271,4231.2808,4223.2808,208.670613,D110238,1523324.805,7437096.257
213,D111039,4230.9287,4223.286,224.741561,D111040,1524097.717,7434132.927
796,SD6993,4223.2,4223.299805,28.438732,SD6992,1521492.353,7431138.986
205,D111038,4230.6328,4223.348,260.169866,D111050,1524233.995,7434141.464
755,D126066,4227.9468,4223.399902,1083.770177,SD7015,1521480.238,7428865.899
468,D100110,4230.6836,4223.4836,67.674719,D100100,1524678.61,7437065.243
756,D126067,4227.8413,4223.5,66.982641,D126066,1521479.75,7428798.918
799,SD7017,4227.6,4223.5,26.096034,SD7019,1521490.475,7430558.885
805,SD3239,4234.4404,4223.600098,142.485336,D100081,1526286.571,7437851.416
546,D100108,4230.1123,4223.6123,62.63164,D100110,1524741.24,7437064.775
467,D100100,4229.5571,4223.9571,338.65373,D100098,1524611.176,7437063.297
757,D126068,4229.082,4224.299805,99.682716,D126067,1521481.552,7428699.251
547,D100115,4230.7622,4224.5622,295.733836,D100108,1525036.971,7437063.654
504,D100277,4231.0044,4224.6344,278.4516,D100335,1525035.575,7437091.148
305,D100287,4231.2397,4225.0797,12.526627,D100324,1525428.651,7437084.012
138,D100308,4233.5752,4225.219,40.912113,D100306,1526337.4,7437077.045
182,D100142,4233.4604,4225.379,57.98233,D100310,1526371.501,7437051.146
758,D126069,4229.1206,4225.5,66.266141,D126068,1521480.911,7428632.988
807,D100080,4233.5801,4226.764,421.476541,D100070,1526200.37,7437916.125
89,D099061,4233.1509,4227.116,64.122706,D099062,1524773.582,7439489.425
166,D091116,4239.5205,4229.351,79.041844,D091115,1527883.542,7437045.99
383,D103080,4236.0532,4231.2532,16.782529,D103072,1524678.633,7428215.977
628,D092146,4238.8667,4231.48,213.577562,D092112,1527723.684,7434132.607
662,D092117,4239.1753,4232.1753,38.76581,D092146,1527762.444,7434133.282
622,D099036,4242.5405,4234.765,402.576041,D099070,1525533.992,7440237.112
563,D092119,4241.5396,4234.799805,37.030351,D092500,1527880.816,7433724.109
508,D091268,4245.5972,4236.344,333.939757,SD376,1529357.844,7437084.972
135,D079130,4247.4629,4237.832,288.054226,SD370,1529755.295,7437082.415
239,D092125,4245.1489,4238.232233,694.633622,D092505,1528636.675,7434146.57
286,D093001,4247.52,4240.52,422.306595,D093043,1528639.285,7433377.752
453,D079133,4259.772,4242.289,105.387066,D079135,1531020.921,7437078.881
240,D092133,4248.4214,4243.088067,61.145715,D092131,1529435.875,7434145.016
294,D093003,4250.2378,4243.654467,299.060821,D093002,1529029.261,7433158.117
128,D079025,4253.6436,4246.504,295.348582,D079023,1530152.692,7437903.534
847,D079026,4254.0903,4248.06,341.599754,D079022,1530184.633,7437893.204
328,D093005,4255.4551,4248.121767,572.649833,D093003,1529435.864,7432754.878
523,D079153,4256.2212,4250.08,320.235209,D079152,1531011.92,7434538.332
0,I10-D4,4262.8496,4251.8496,334.752209,D090119,1527421.006,7441079.333
569,D079144,4259.1685,4253.628,47.964481,D079155,1531045.242,7434139.281
445,D079145,4259.1465,4253.729833,59.859803,D080081,1531020.826,7434137.542
1,I10-D14,4262.6528,4254.2528,104.174427,I10-D11,1527947.316,7441077.767
38,I10-D8,4262.2466,4254.8466,365.588772,I10-D4,1527786.592,7441077.889
6,B7-D1,4262.9951,4254.8951,225.680632,I10-D14,1528172.994,7441076.749
832,B7-D3,4263.2407,4255.2407,92.15526,B7-D1,1528265.145,7441077.657
13,B7-D7,4263.9751,4256.2751,298.579642,B7-D3,1528563.715,7441075.353
335,D081004,4262.7246,4256.641267,4.999846,D081039,1530185.914,7432347.248
40,B7-D12,4264.4219,4257.8219,55.408809,B7-D10,1528737.518,7441074.219
266,D080057,4265.2739,4259.133,26.023662,D080049,1531836.515,7434362.799
567,D080049,4267.5508,4259.212,222.168535,D080090,1531811.863,7434354.461
814,D081005,4266.833,4260.833,591.624169,D081038,1530747.85,7432200.99
775,D068147,4267.5493,4261.263,0,LPOutfall,1532301.857,7434931.782
225,D080146,4268.1968,4261.763,0,LPOutfall,1532310.314,7434369.777
249,D068505,4271.1626,4262.832,21.188285,D068067,1532424.992,7434134.969
803,SD3729,4269.9253,4263.9253,414.182576,D081005,1530977.945,7431873.123
566,SD3728,4270.0366,4264.0366,11.445704,SD3729,1530982.582,7431862.659
527,SD3730,4271.1646,4264.1646,36.127021,SD3727,1531012.45,7431700.883
571,SD3727,4271.1997,4265.1997,128.446833,SD3728,1531004.029,7431736.015
858,D079051,4272.5776,4265.877,306.59188,D079045,1531861.92,7437895.955
857,D079052,4272.6899,4267.897,8.585067,D079051,1531861.272,7437887.395
268,D068108,4275.5107,4269.427367,27.097992,D068076,1532792.085,7434091.383
671,D081031,4276.9702,4269.7202,1.614479,D081041,1531191.277,7431169.623
227,D068162,4274.7368,4269.7368,138.899467,D068163,1532528.486,7434860.611
779,D068023,4276.1489,4270.565567,45.561386,SD6229,1532522.722,7435191.488
196,D068161,4275.8164,4271.149733,204.690249,D068162,1532527.398,7435065.298
16,B8-D4,4281.2251,4274.4251,334.018801,B8-D1,1530214.381,7441069.287
17,D078102,4281.5474,4274.9474,61.340483,B8-D4,1530275.716,7441068.47
285,D069033,4284.8853,4279.468633,89.502195,D069031,1533367.687,7433395.4
620,D082008,4286.8125,4279.8125,1050.545442,D081032,1531763.067,7430447.32
352,D082012,4287.5239,4280.5239,46.704626,D082008,1531801.487,7430420.764
564,D082017,4291.249,4286.039,385.981818,D082016,1532149.141,7430268.777
219,D068153,4296.936,4293.019333,375.352604,D068030,1533404.05,7435277.895
561,D070039,4307.3008,4300.3008,454.852723,D070041,1532933.333,7429573.233
191,D068149,4310.7842,4304.992533,426.291711,D068153,1533830.335,7435275.514
752,SD6069,4314.1968,4305.2968,605.862367,D070039,1533343.698,7429160.127
673,SD215,4311.3647,4305.948033,176.901568,D069103,1534369.166,7432577.448
691,SD5540,4319.0005,4312.7505,4.070744,D055076,1534988.208,7432313.981
751,D070094,4322.3247,4312.8547,495.463248,SD6069,1533749.915,7428926.986
661,D070127,4322.6177,4314.3377,231.210444,SD3425,1533883.539,7428714.99
371,D070120,4327.9917,4317.9917,240.915626,D070127,1534116.277,7428737.789
670,SD149,4325.0278,4318.194467,121.284703,D055077,1535350.935,7432209.457
443,D068019,4322.8462,4318.554533,122.499433,D068128,1534273.539,7435299.005
773,D055094,4325.7324,4318.899067,73.608891,SD149,1535377.757,7432140.909
664,SD3425,4322.9878,4319.321133,23.871661,D070094,1533759.414,7428905.086
834,D070101,4331.2793,4321.695967,18.621244,D070102,1534196.921,7428746.519
833,D070102,4331.2661,4322.6961,62.511776,D070120,1534178.344,7428745.227
668,D055095,4331.2183,4323.884967,274.255594,D055094,1535602.122,7432028.056
372,D070116,4334.7383,4325.071633,57.662055,D070117,1534542.768,7428688.55
373,D070104,4334.7983,4325.381633,37.258922,D070115,1534569.75,7428589.547
777,D055179,4333.563,4327.479667,35.340806,D055110,1535779.946,7431868.087
386,D070118,4335.1108,4327.9608,10.363154,D070104,1534579.997,7428587.994
387,D070119,4337.2593,4328.5093,141.171055,D070118,1534702.101,7428517.143
776,D055216,4339.7632,4334.5132,150.188552,D055135,1535778.197,7431432.394
374,D056089,4341.3579,4334.8579,22.036573,D056092,1534949.849,7428458.567
419,D057019,4344.7871,4337.2871,22.546386,D057152,1534995.536,7428187.8
418,D057020,4348.125,4338.791667,180.387333,D057019,1535175.59,7428176.839
767,SD6104,4349.814,4341.399902,94.116103,D057020,1535267.735,7428157.677
404,D057048,4351.8398,4341.8398,91.786615,D057002,1535405.138,7428131.387
781,D055213,4346.5342,4342.2842,344.944915,D055216,1535856.605,7431108.907
821,D066128,4347.1387,4342.799805,67.463442,B10-D4,1533446.358,7441060.187
824,D066112,4354.6963,4342.799805,258.765145,D066128,1533705.122,7441059.345
444,D054046,4353.8281,4343,149.793317,D054028,1535269.152,7435293.518
816,D057047,4354.4702,4344.4702,87.109934,D057048,1535492.114,7428126.558
753,D057002,4350.2759,4345.2759,48.111365,SD6104,1535314.92,7428148.281
663,D056017,4356.5669,4347.3169,435.705041,D055213,1535886.928,7430676.087
574,D057003,4355.8032,4347.8032,177.624393,D057501,1535706.217,7428127.484
656,D056018,4356.5742,4347.8242,4.188,D056017,1535889.631,7430672.888
817,SD177,4359.2852,4356.5,152.959713,D066112,1533858.081,7441058.871
818,B10-D13,4360.0112,4356.5,21.21799,SD177,1533879.298,7441058.779
819,B10-D14,4364.0435,4356.5,126.681759,B10-D13,1534005.979,7441058.367
573,D057079,4367.7129,4360.129567,558.815393,SD163,1536276.864,7427816.393
820,D066019,4367.3057,4360.5,131.544188,B10-D14,1534137.52,7441057.45
651,D053069,4403.3174,4396.521,174.273661,D053067,1535830.12,7437873.063
